"Campaign name","Ad name",Age,Gender,Reach,Impressions,"Post engagements","Messaging conversations started","Clicks (all)",Currency,"Amount spent (THB)","Post reactions","Post comments","Post shares","Facebook likes",Views,Leads,"Reporting starts","Reporting ends"
"3021 | BU DIA | Engage | Your Time to Shine | 1-7 Jul 2025","3021 | BU DIA | Engage | Your Time to Shine | 1-7 Jul 2025",25-34,female,31670,56916,2602,1,3341,THB,1564.98487932,232,,30,20,,,2025-07-01,2025-07-31
"3021 | BU DIA | Engage | Your Time to Shine(New)  | 22-31 Jul 2025","3021 | BU DIA | Engage | Your Time to Shine(New)  | 22-31 Jul 2025",25-34,female,5616,8259,889,1,82,THB,1385.80243229,798,,4,,,,2025-07-01,2025-07-31
"3021 | BU DIA | Engage | Your Time to Shine(New)  | 22-31 Jul 2025","3021 | BU DIA | Engage | Your Time to Shine(New)  | 22-31 Jul 2025",18-24,female,4956,6912,818,,84,THB,1188.35923623,718,,14,,,,2025-07-01,2025-07-31
"3021 | BU DIA | Engage | Your Time to Shine | 1-7 Jul 2025","3021 | BU DIA | Engage | Your Time to Shine | 1-7 Jul 2025",35-44,female,18477,33252,1932,3,2412,THB,1056.43584371,183,1,12,18,,,2025-07-01,2025-07-31
"3021 | BU DIA | Engage | Your Time to Shine(New)  | 22-31 Jul 2025","3021 | BU DIA | Engage | Your Time to Shine(New)  | 22-31 Jul 2025",25-34,male,2292,3458,484,,42,THB,728.87179841,441,,3,,,,2025-07-01,2025-07-31
"3021 | BU DIA | Engage | Your Time to Shine | 1-7 Jul 2025","3021 | BU DIA | Engage | Your Time to Shine | 1-7 Jul 2025",25-34,male,14442,26182,875,,1123,THB,597.66194934,88,,15,10,,,2025-07-01,2025-07-31
"3021 | BU DIA | Engage | Your Time to Shine(New)  | 22-31 Jul 2025","3021 | BU DIA | Engage | Your Time to Shine(New)  | 22-31 Jul 2025",18-24,male,1768,2790,375,,28,THB,561.15908361,342,,4,,,,2025-07-01,2025-07-31
"3021 | BU DIA | Engage | Your Time to Shine | 1-7 Jul 2025","3021 | BU DIA | Engage | Your Time to Shine | 1-7 Jul 2025",45-54,female,7653,13121,741,,943,THB,478.888095,92,1,2,3,,,2025-07-01,2025-07-31
"3021 | BU DIA | Engage | Your Time to Shine(New)  | 22-31 Jul 2025","3021 | BU DIA | Engage | Your Time to Shine(New)  | 22-31 Jul 2025",35-44,female,1440,2215,240,,18,THB,346.74561285,225,,1,,,,2025-07-01,2025-07-31
"3021 | BU DIA | Engage | Your Time to Shine | 1-7 Jul 2025","3021 | BU DIA | Engage | Your Time to Shine | 1-7 Jul 2025",18-24,female,10887,16246,429,2,562,THB,346.50463227,46,,5,6,,,2025-07-01,2025-07-31
"3021 | BU DIA | Engage | Your Time to Shine | 1-7 Jul 2025","3021 | BU DIA | Engage | Your Time to Shine | 1-7 Jul 2025",35-44,male,5508,10458,406,,525,THB,272.4423443,69,,2,2,,,2025-07-01,2025-07-31
"3021 | BU DIA | Engage | Your Time to Shine | 1-7 Jul 2025","3021 | BU DIA | Engage | Your Time to Shine | 1-7 Jul 2025",18-24,male,7269,10199,223,1,304,THB,192.42585265,18,,2,2,,,2025-07-01,2025-07-31
"3021 | BU DIA | Engage | Your Time to Shine(New)  | 22-31 Jul 2025","3021 | BU DIA | Engage | Your Time to Shine(New)  | 22-31 Jul 2025",35-44,male,604,884,129,,9,THB,190.47308323,123,,,,,,2025-07-01,2025-07-31
"3021 | BU DIA | Engage | Your Time to Shine | 1-7 Jul 2025","3021 | BU DIA | Engage | Your Time to Shine | 1-7 Jul 2025",55-64,female,3234,5011,238,,309,THB,179.52674588,27,,3,1,,,2025-07-01,2025-07-31
"3021 | BU DIA | Engage | Your Time to Shine(New)  | 22-31 Jul 2025","3021 | BU DIA | Engage | Your Time to Shine(New)  | 22-31 Jul 2025",45-54,female,684,994,116,,5,THB,165.7726834,108,,2,,,,2025-07-01,2025-07-31
"3021 | BU DIA | Engage | Your Time to Shine | 1-7 Jul 2025","3021 | BU DIA | Engage | Your Time to Shine | 1-7 Jul 2025",45-54,male,1953,4150,164,,213,THB,122.06617872,33,,1,1,,,2025-07-01,2025-07-31
"3021 | BU DIA | Engage | Your Time to Shine(New)  | 22-31 Jul 2025","3021 | BU DIA | Engage | Your Time to Shine(New)  | 22-31 Jul 2025",45-54,male,236,428,56,,1,THB,84.69137092,55,,,,,,2025-07-01,2025-07-31
"3021 | BU DIA | Engage | Your Time to Shine | 1-7 Jul 2025","3021 | BU DIA | Engage | Your Time to Shine | 1-7 Jul 2025",65+,female,1313,2626,71,,94,THB,76.4839977,16,,,1,,,2025-07-01,2025-07-31
"3021 | BU DIA | Engage | Your Time to Shine(New)  | 22-31 Jul 2025","3021 | BU DIA | Engage | Your Time to Shine(New)  | 22-31 Jul 2025",65+,female,232,320,46,,4,THB,68.53110933,44,,,,,,2025-07-01,2025-07-31
"3021 | BU DIA | Engage | Your Time to Shine(New)  | 22-31 Jul 2025","3021 | BU DIA | Engage | Your Time to Shine(New)  | 22-31 Jul 2025",55-64,female,212,297,57,,3,THB,60.19097432,53,,1,,,,2025-07-01,2025-07-31
"3021 | BU DIA | Engage | Your Time to Shine(New)  | 22-31 Jul 2025","3021 | BU DIA | Engage | Your Time to Shine(New)  | 22-31 Jul 2025",18-24,unknown,100,179,39,,3,THB,48.43078396,35,,,,,,2025-07-01,2025-07-31
"3021 | BU DIA | Engage | Your Time to Shine | 1-7 Jul 2025","3021 | BU DIA | Engage | Your Time to Shine | 1-7 Jul 2025",55-64,male,1121,1639,63,,75,THB,47.68366467,23,,1,,,,2025-07-01,2025-07-31
"3021 | BU DIA | Engage | Your Time to Shine(New)  | 22-31 Jul 2025","3021 | BU DIA | Engage | Your Time to Shine(New)  | 22-31 Jul 2025",55-64,male,104,123,29,,0,THB,43.49070399,29,,,,,,2025-07-01,2025-07-31
"3021 | BU DIA | Engage | Your Time to Shine(New)  | 22-31 Jul 2025","3021 | BU DIA | Engage | Your Time to Shine(New)  | 22-31 Jul 2025",65+,male,72,117,22,,1,THB,31.09050327,22,,,,,,2025-07-01,2025-07-31
"3021 | BU DIA | Engage | Your Time to Shine | 1-7 Jul 2025","3021 | BU DIA | Engage | Your Time to Shine | 1-7 Jul 2025",65+,male,737,1225,21,,27,THB,29.49082052,3,,,,,,2025-07-01,2025-07-31
"3021 | BU DIA | Engage | Your Time to Shine(New)  | 22-31 Jul 2025","3021 | BU DIA | Engage | Your Time to Shine(New)  | 22-31 Jul 2025",25-34,unknown,108,152,17,,2,THB,26.43042784,15,,,,,,2025-07-01,2025-07-31
"3021 | BU DIA | Engage | D'Ultimate Your Time to Shine |  22-31 Jul 2025","3021 | BU DIA | Engage | D'Ultimate Your Time to Shine |  22-31 Jul 2025",25-34,male,62,65,16,,4,THB,20.67,13,,,,,,2025-07-01,2025-07-31
"3021 | BU DIA | Engage | D'Ultimate Your Time to Shine |  22-31 Jul 2025","3021 | BU DIA | Engage | D'Ultimate Your Time to Shine |  22-31 Jul 2025",25-34,female,95,103,12,,3,THB,18.17,8,,,,,,2025-07-01,2025-07-31
"3021 | BU DIA | Engage | Your Time to Shine | 1-7 Jul 2025","3021 | BU DIA | Engage | Your Time to Shine | 1-7 Jul 2025",25-34,unknown,256,502,19,,21,THB,13.4895236,4,,1,,,,2025-07-01,2025-07-31
"3021 | BU DIA | Engage | Your Time to Shine(New)  | 22-31 Jul 2025","3021 | BU DIA | Engage | Your Time to Shine(New)  | 22-31 Jul 2025",35-44,unknown,52,52,8,,0,THB,10.85017563,7,,,,,,2025-07-01,2025-07-31
"3021 | BU DIA | Engage | Your Time to Shine | 1-7 Jul 2025","3021 | BU DIA | Engage | Your Time to Shine | 1-7 Jul 2025",35-44,unknown,128,321,22,,29,THB,10.30727694,1,,,,,,2025-07-01,2025-07-31
"3021 | BU DIA | Engage | D'Ultimate Your Time to Shine |  22-31 Jul 2025","3021 | BU DIA | Engage | D'Ultimate Your Time to Shine |  22-31 Jul 2025",35-44,male,24,25,7,,0,THB,8.54,7,,,,,,2025-07-01,2025-07-31
"3021 | BU DIA | Engage | D'Ultimate Your Time to Shine |  22-31 Jul 2025","3021 | BU DIA | Engage | D'Ultimate Your Time to Shine |  22-31 Jul 2025",35-44,female,39,43,7,,0,THB,8.38,7,,,,,,2025-07-01,2025-07-31
"3021 | BU DIA | Engage | Your Time to Shine | 1-7 Jul 2025","3021 | BU DIA | Engage | Your Time to Shine | 1-7 Jul 2025",18-24,unknown,192,266,12,,14,THB,5.58394226,1,,,,,,2025-07-01,2025-07-31
"3021 | BU DIA | Engage | Your Time to Shine | 1-7 Jul 2025","3021 | BU DIA | Engage | Your Time to Shine | 1-7 Jul 2025",45-54,unknown,32,118,6,,8,THB,4.28302381,1,,,1,,,2025-07-01,2025-07-31
"3021 | BU DIA | Engage | Your Time to Shine | 1-7 Jul 2025","3021 | BU DIA | Engage | Your Time to Shine | 1-7 Jul 2025",55-64,unknown,0,44,,,0,THB,1.09077008,,,,,,,2025-07-01,2025-07-31
"3021 | BU DIA | Engage | Your Time to Shine(New)  | 22-31 Jul 2025","3021 | BU DIA | Engage | Your Time to Shine(New)  | 22-31 Jul 2025",45-54,unknown,7,7,,,0,THB,0.99001603,,,,,,,2025-07-01,2025-07-31
"3021 | BU DIA | Engage | Your Time to Shine | 1-7 Jul 2025","3021 | BU DIA | Engage | Your Time to Shine | 1-7 Jul 2025",65+,unknown,25,25,,,0,THB,0.65045922,,,,,,,2025-07-01,2025-07-31
"3021 | BU DIA | Engage | D'Ultimate Your Time to Shine |  22-31 Jul 2025","3021 | BU DIA | Engage | D'Ultimate Your Time to Shine |  22-31 Jul 2025",55-64,female,3,3,,,0,THB,0.56,,,,,,,2025-07-01,2025-07-31
"3021 | BU DIA | Engage | D'Ultimate Your Time to Shine |  22-31 Jul 2025","3021 | BU DIA | Engage | D'Ultimate Your Time to Shine |  22-31 Jul 2025",35-44,unknown,2,2,,,0,THB,0.25,,,,,,,2025-07-01,2025-07-31
"3021 | BU DIA | Engage | D'Ultimate Your Time to Shine |  22-31 Jul 2025","3021 | BU DIA | Engage | D'Ultimate Your Time to Shine |  22-31 Jul 2025",45-54,female,3,4,2,,0,THB,0.24,2,,,,,,2025-07-01,2025-07-31
"3021 | BU DIA | Engage | Your Time to Shine(New)  | 22-31 Jul 2025","3021 | BU DIA | Engage | Your Time to Shine(New)  | 22-31 Jul 2025",65+,unknown,0,2,,,0,THB,0.20000324,,,,,,,2025-07-01,2025-07-31
"3021 | BU DIA | Engage | Your Time to Shine(New)  | 22-31 Jul 2025","3021 | BU DIA | Engage | Your Time to Shine(New)  | 22-31 Jul 2025",55-64,unknown,0,1,,,0,THB,0.09000146,,,,,,,2025-07-01,2025-07-31
"3021 | BU DIA | Engage | D'Ultimate Your Time to Shine |  22-31 Jul 2025","3021 | BU DIA | Engage | D'Ultimate Your Time to Shine |  22-31 Jul 2025",45-54,male,1,1,,,0,THB,0.02,,,,,,,2025-07-01,2025-07-31
"3021 | BU DIA | Engage | D'Ultimate Your Time to Shine |  22-31 Jul 2025","3021 | BU DIA | Engage | D'Ultimate Your Time to Shine |  22-31 Jul 2025",65+,male,1,1,,,0,THB,0.01,,,,,,,2025-07-01,2025-07-31
